id,restored_text
0,куплю айфон 14 про
1,и щудом в Подмос ковье
2,сдаю к вартиру с мебелью и техникой
3,новый диван доставка недорого
4,отдам даром кошку
5,работа в Москве удаленно
6,куплю телевизор Philips
7,ищу грузчиков для переезда
8,ремонт квартир подключ
9,куплюн оутбук HP
10,ищу квартиру уметро
11,новая микров олновка Samsung
12,срочно продам велосипед
13,куплю гитару Fender
14,ищу репет итора по биологии
15,сдаю гаражна длите льный срок
16,куплю диванбу
17,ищу мастера по ремонту холодил ьников
18,новый шкаф доставка сегодня
19,куплю Xbox One
20,ищу подра ботку по вечерам
21,с дамком нату студентке
22,куплю старую книгу
23,ищу собаку лабрадор
24,новый телефон Xiaomi 13
25,куплю Playst ation 5 диск
26,ищу комнату в центре города
27,срочно нужна няня ребенку
28,куплю стир альную машину Indesit
29,ищу детскую кроватку бу
30,новая куртка доставка
31,куплю велосипед Merida
32,ищу врача офталь молога
33,сдаю к вартиру в центре Москвы
34,куплю холоди льник Samsung
35,и щукошку брита нскую
36,новый ноутбук доставка завтра
37,куплю шкафбу
38,ищу репет итора по истории
39,с даю ком нату без посре дников
40,куплю теле визорL GOLED
41,ищу квартиру недорог осрочно
42,новый айфон доставка
43,куплю гитару Yamaha
44,ищу студию уметро
45,сдам квартиру молод оженам
46,куплю компьютер игровой
47,ищу работу поваром в кафе
48,новый диван Ikea
49,куплю старый ноутбук
50,ищу собаку до бермана
51,срочно с даюком нату
52,куплюмон иторLG
53,ищу мастера по сант ехнике
54,новый стол доставка
55,купл юайфон 13 мини
56,ищу девушку для отношений
57,с даюдачу налето
58,куплю стир альную машину LG
59,ищу учителя англий ского языка
60,новый ноутбук Asus
61,куплю матра сортопеди ческий
62,ищу комнату на длите льный срок
63,сдам квартиру без залога
64,куплю холоди льник Atlant
65,ищу собаку шпица
66,новая стира льная машина доставка
67,куплю телевизор Sony
68,ищу репет итора по географии
69,сдаю комнату с мебелью
70,куплю пылесос Dyson
71,ищу работу офици анткой
72,новый шкаф купе
73,куплюд иван угловой
74,ищу квартиру на длите льный срок
75,с дамгараж варенду
76,куплю велосипед Stels
77,ищу врачапе диатра
78,новый телефон Oppo
79,куплю микров олновку Samsung
80,ищу комнату для девушки
81,срочно продамшка ф
82,куплю Playst ation 4slim
83,ищу собаку немецкую овчарку
84,новая куртка зима
85,куплю телефон Honor
86,ищу подругу для прогулок
87,сдаюк в артиру семье
88,куплю телевизор Toshiba
89,ищу мастера по ремонту стиралок
90,новый диван серый
91,куплюко модбу
92,ищу учителя по мате матике
93,сдам кв артиру студентам
94,куплю велосипед бу
95,ищу студию на месяц
96,новая микров олновка доставка
97,ищу работу на выходные
98,куплю телефон Huawei
99,"прод амшкаф, почти новый, с зеркалами"
100,"ищу книгу братья карама зовы, срочно"
101,"новый монитор, 27 дюймов, доставка"
102,"куплю коврик для йоги, недорого!"
103,"ищу инстр уктора по плаванию, бассейн рядом"
104,"с дамком нату, только девушке"
105,"куплю швейную машинку, рабочую"
106,"ищу друзей для путеш ествий, летом в горы"
107,"новая кофеварка Philips, гарантия есть"
108,"куплю лыжи, палки в комплекте"
109,"ищу учителя по вокалу, джаз"
110,"сдам место в гараже, сухо"
111,"куплю детский велосипед, для девочки"
112,"ищу пекаря в кафе, утро"
113,"новая стиралка Bosch, привезу сам"
114,"куплю стол письм енный, белый"
115,"ищу програм мистана проект, срочно!"
116,"сдам студию посуточно, метро рядом"
117,"куплю сковороду чугунную, диаметр 28"
118,"ищу репет итора по биологии, ЕГЭ"
119,"новая газовая плита, привезём быстро"
120,"куплю машину В АЗбу, на ходу"
121,"ищу столик для ноутбука, складной"
122,"сдам квартиру на ночь, чисто"
123,"куплюшка ф- купе, трёхд верный"
124,"ищу костюм на свадьбу, мужской"
125,"новый пылесос Samsung, коробка есть"
126,"куплюрюк закт уристи ческий, 70 литров"
127,ищу учителя по шахматам
128,"сдам парковку в центре, охрана"
129,"куплю кроссовки Adidas, оригинал"
130,"ищу столярные услуги, недорого"
131,"новый телевизор LG, гарантия 2 года"
132,"куплювазу для цветов, стек лянную"
133,ищу уборщицу на выходные
134,"сдамофис, 20 квадратов"
135,"куплю коньки женские, размер 37"
136,ищу перев одчика с англий ского
137,"новый утюг Philips, гарантия"
138,"куплю наушники, беспро водные"
139,"ищупли точника, ремонт ванной"
140,"сдам гараж, ключи на руках"
141,"куплюн оутбук, недорого, срочно"
142,ищу грузчиков на завтра
143,"новый роутер Xiaomi, вайфай 6"
144,"куплю колонки 5. 1, мощные"
145,"ищу электрика, розетки искрят!"
146,"с дамдачу на неделю, есть баня"
147,"куплюмик серку хонный, брендовый"
148,ищу фотографа на мероп риятие
149,новая мульт иварка Redmond
150,"куплю чайник электр ический, новый"
151,"ищуп ылесос, моющий"
152,"сдам кладовку, центр города"
153,куплю камеру видеона блюдения
154,"ищуняню, график гибкий"
155,"новый смартфон, запеча танный"
156,куплючем одан на колёсах
157,ищу парик махера на дом
158,"сдам склад, 50 метров"
159,"куплю проектор, для фильмов"
160,ищу гитариста в группу
161,новый кухонный комбайн
162,"куплю диван, ткань серая"
163,и щуплиту электр ическую
164,"сдам студию в центре, уютная"
165,куплюм ясоруб куручную
166,ищушеф- повара в ресторан
167,новый матрас ортопе дический
168,"куплю трена жёр, вело"
169,"ищу адвоката, консул ьтация"
170,"сдамофис, аренда помесячно"
171,куплю картину маслом
172,ищу бухга лтера на полставки
173,новая печь микров олновая
174,купл юлодку резиновую
175,"ищу логопеда, занятия дома"
176,"сдам квартиру, ремонт свежий"
177,"ищу мебел ьщика, кухня под заказ"
178,новый кулер для воды
179,куплюстол складной
180,"ищу водителя, ночные смены"
181,"сдам квартиру, только русским"
182,куплю платье вечернее
183,"ищу хирурга, консул ьтация срочно"
184,новый фильтр для воды
185,куплю кресло офисное
186,ищу масса жиста на дом
187,сдам помещение под склад
188,куплю телефон Oppo
189,"ищу психолога, опыт обяза телен"
190,новая колонка JBL
191,куплю джинсы Levi’s
192,"ищудом работницу, центр"
193,"с дам дом, участок 6 соток"
194,куплю конст руктор Lego
195,ищу художника для портрета
196,"новый блендер, гарантия"
197,"куплю видео камеру, недорого"
198,ищу репет итора по химии
199,"с дамдачу, лес рядом"
200,куплю зимние шины
201,ищу гида по Москве
202,новая люстра потол очная
203,"купл юковёр, шерстяной"
204,ищу аренду гаража
205,с дам квартиру с балконом
206,куплю удочку для рыбалки
207,"ищу компо зитора, музыка"
208,"новый тостер, черный"
209,куплю столовые приборы
210,ищу инженера по ремонту
211,"сдам парковку, центр"
212,куплю резину зимнюю
213,ищу актера для съемок
214,новая плита электри ческая
215,куплю виде окарту RTX
216,"ищу юриста, офор мление договора"
217,"сдам склад, сухое помещение"
218,купл юкомод белый
219,"ищупли точника, срочно"
220,новая лампа наст ольная
221,"куплюс кейтборд, новый"
222,с дамком нату с ремонтом
223,куплю роутер TP- Link
224,ищу парня для съёмок
225,"новый ковёр, мягкий"
226,куплючасы Casio
227,ищу поста вщика овощей
228,"сдам студию, центр города"
229,куплю пылесос моющий
230,ищу дизайнера интерьера
231,"новый холод ильник, белый"
232,"ищуняню, полный день"
233,сдам квартиру с техникой
234,куплю плитуг азовую
235,ищу врача карди олога
236,новый чайник электр ический
237,куплю стулья дере вянные
238,ищу повара в кафе
239,с дам дом на месяц
240,куплю автомо бильбу
241,ищу програ ммиста python
242,новая посудомой каBosch
243,куплю камеру Canon
244,ищу работу бариста
245,"сдам студию, срочно"
246,куплю айфон 15 про
247,сдам квартиру в центре
248,ищу работу програ ммистом
249,новая мебель в наличии
250,куплю телевизор Samsung
251,ищу такси до аэропорта
252,срочно отдам котенка
253,куплю холод ильник бу
254,сдаюдачу с баней
255,куплю велосипед новый
256,ищу студию без мебели
257,с дамком нату на месяц
258,куплюм онитор Samsung
259,ищу собаку хаски
260,новая куртка доставка завтра
261,куплю телеви зорLG
262,ищу учителя испанс кого
263,с дамгараж срочно
264,куплюн оутбук Lenovo
265,ищу квартиру посуточно
266,новый столист улья
267,куплю телефон Pixel
268,ищу врача стома толога
269,сдаю офисв аренду
270,куплю гитару Gibson
271,ищу работу курьером
272,новый ноутбук M SI
273,куплю микров олновку LG
274,ищу девушку для прогулок
275,сдам складн едорого
276,куплюай падбу
277,ищу собаку таксу
278,куплю компьютер Mac
279,ищу репет итора по физике
280,сдам квартиру посуточно
281,куплюд иван кожаный
282,ищу работу дизайн ером
283,новый холод ильник доставка
284,куплю телеви зорOLED
285,ищу студию с ремонтом
286,с дамком нату без мебели
287,куплю пылесос Xiaomi
288,ищу репет итора по русскому
289,новая мебель на заказ
290,куплю наушники Sony
291,ищу мастера по мебели
292,с дамдачу налето
293,ищу работу тестир овщиком
294,новый телефон Honor
295,куплю матрасбу
296,ищу собак убигля
297,с дамгараж в центре
298,куплюн оутбук Acer
299,ищу студию на длит ельный срок
300,новый диван в наличии
301,куплю столоб еденный
302,ищу врача терапевта
303,сдаю к вартиру с ремонтом
304,куплю миксер Bosch
305,ищу подра ботку вечером
306,новая куртка мужская
307,куплю телевизор JVC
308,ищу репет итора по инфор матике
309,с дам дому моря
310,куплю планшет Huawei
311,ищу работу мене джером
312,новый ноутбук Dell
313,куплю кресло компью терное
314,ищу собаку джек рассел
315,сдам студию без посре дников
316,куплю велосипед Giant
317,ищу врача хирурга
318,новый пылесос доставка
319,куплю айфон 13
320,с дамком нату для девушки
321,куплю холоди льник новый
322,ищу работу водителем
323,новый диван угловой
324,ищу студию с мебелью
325,с дамдачу недорого
326,куплю микро волнов кубу
327,ищу собаку пуделя
328,новый телевизор TCL
329,куплюн оутбук Asus
330,ищу учителя францу зского
331,ищу репет итора по алгебре
332,новая кухня в наличии
333,куплю компьютер Dell
334,ищу работу продавцом
335,куплю телевизор Sharp
336,ищу собаку лайку
337,продам диванбу
338,2024 год
339,ищу работу програ ммистом удаленно
340,"холод ильник сломался, помоги тесрочно"
341,АВТОМОЙ КАРЯДОМ
342,теле визорL G55
343,Москва Ikea доставка
344,срочно и щу квартиру уметро
345,"ноутбук не включа ется, что делать?"
346,новый стол Ikea доставка
347,продаю кошку в хорошие руки
348,Windows 11 не запуск ается
349,продаю Playst ation 5 почти новая
350,квартира с ремонтом и мебелью
351,"Avito не открыв ается, помогите"
352,хочу купить велоси педбу
353,ищу репети тора по матем атике
354,суши доставка ночью
355,нужна помощь в переезде срочно
356,айфон 14 промакс
357,ищу ключи от машины
358,Сбербанк не работает банкомат
359,продаю комод буторг
360,куплю цветы розы тюльпаны
361,хочу заказать такси в аэропорт
362,и щудом в деревне налето
363,куплюн оутбук для игр
364,отдам даром старый шкаф
365,ищу мастера по ремонту ноутбуков
366,автосер вис побл изости
367,продаю iPhone XR
368,ищу квартиру в Москве недорого
369,собака потер ялась на улице
370,ищу работу офиц иантом вечером
371,подарю котенка хорошим людям
372,Samsung A54 новый
373,квартира студия долгос рочно
374,Иванов Иван Сергеевич
375,ищу автоза пчасти на ВАЗ
376,сломался пылесос Samsung
377,срочно нужен мастер- сантехник
378,ищу дешевые авиа билеты
379,куплю билеты в театр
380,новый холод ильник дешево
381,iPhone 15 Pro
382,ремонт обуви рядом
383,с дамко мнату студенту
384,хочу заказать суши!
385,"ноутбук зависает часто, что делать"
386,Ян дексЕда не работает
387,ищу запчасти на ВАЗ 2107
388,ремонт iPhone быстро
389,хочу купить самока требенку
390,ищу репет итора по англи йскому
391,сдаю к в артиру посуточно
392,доставка еды Москва
393,продам курткубу
394,куплю колеса зима
395,ремонт компь ютеров недорого
396,продаю стул Ikea
397,авто стекло замена
398,нужен мастер по мебели
399,куплю детскую коляску
400,продаю Xbox SeriesS
401,хочу купить мороженое
402,ремонт iPhone Москва
403,хочу кофелатте
404,"IKEA закрылась, что делать?"
405,ищу подругу для общения
406,срочно нужен репетитор
407,"потерял паспорт, помогите"
408,куплю детские вещи
409,ремонт iPhone срочно
410,ищу автосп робегом
411,куплю iPhone 12
412,новый диван доставка
413,квартира с ремонтом недорого
414,хочу купить телевизор Samsung
415,срочно продаю велос ипедбу
416,ищу студента для помощи
417,Москва Сбербанк банкомат
418,ищуме бельбу недорого
419,ноутбук AsusROG
420,хочу заказать пиццу
421,сдаю квартиру на месяц
422,ищу дешёвый телефон
423,продам мониторбу
424,ищу специ алиста по ремонту
425,куплю гитару недорого
426,ищу книгу по истории
427,старый телевизор работает
428,куплю самокат детский
429,"ищу собаку, пропала"
430,Ая танцую пьяный под дождём
431,"Курили только сиги, если чё"
432,Наш образ жизни станет палачом
433,Нисколько не жалею ни очём
434,"Грустно, когда расписаны все маршруты"
435,Когда на часах важны минуты
436,И все на свете стало как- тоскучно и глупо
437,"Мояши зазнает, когда нажать на плей"
438,"Нежди меня родная, закрывай на замок дверь"
439,"Утро доброе, держи меня фонарь"
440,"Очки тёмные, спрячь тем не глаза"
441,"Солнце яркое, прошу согрей меня"
442,"Было весело, ноябне повторял"
443,Я календарь пере вернул
444,И снова третье сентября
445,На фотоятвоё взгляну
446,"Но почему, но почему"
447,Расс таться всё женам пришлось?
448,Ведь было всё у нас всерьёз
449,Второго сентября
450,Журавлей белый клин
451,Твоя дочь и мой сын—
452,Все хотят теплоты и ласки
453,"Мы в любовь, как в игру,"
454,На холодном ветру
455,Поиграли с тобой
456,Но пришёл сам собой
457,"Выцветшая тень, выжженная на"
458,Городском ландшафте меня зовёт
459,Окна янтарё млижут мне глаза
460,Кровь и слепота волокут вперёд
461,Лёгкие опухли
462,Аморок сквозь толпу
463,"Манит, игнорируя меня"
464,Только бы догнал
465,Я его почти догнал
466,Тело испол няется огня
467,"Сердце лупит мне в грудь, как в гонг"
468,Распо лзаясь пососу дамрас катами
469,Ветхий город применяет закон
470,Чтобы два близнеца оказались разъятыми
471,"Я давлюсь, изрыгая огонь"
472,Глотками воздуха
473,На альвеолах распятыми
474,В этом стробо скопи ческом кино
475,Для дости жения рубежа
476,"Мне не хватает дыхания, но"
477,Я продолжаю что есть мочи бежать
478,Только меня беспокоит одно
479,Лёгкие будто поеларжа
480,Я продолжаю за ним бежать
481,"Я ананас, я такой же как он"
482,Колючий внутри и со всех сторон
483,Нешут и со мной
484,Я тропич еский лев
485,Аркадий Укупник— кусающий лжец
486,"Тот, кто в пятна дцать лет убежал из дома,"
487,"Вряд ли поймет того, кто учился в спецшколе."
488,"Тот, у кого есть хороший жизненный план,"
489,Вряд ли будет думать о чем- то другом.
490,"Мы пьемчай в старых квартирах,"
491,"Ждем лета в старых квартирах,"
492,"В старых квартирах, где есть свет,"
493,"Газ, телефон, горячая вода,"
494,"Ради оточка, пол- паркет,"
495,"Санузел разд ельный, дом кирпичный,"
496,"Одна семья, две семьи, три семьи. . ."
497,"Много подсобных помещений,"
498,"Первый и последний- не предл агать,"
499,"Рядом с метро, центр. . ."
500,"Все говорят, что мы в- месте. . ."
501,"Все говорят, но немногие знают, в каком."
502,А из наших труб идет необычный дым.
503,Стой! Опасная зона! Работа мозга! . .
504,Пожалу йстане умирай
505,Или мне придется тоже
506,Ты конечно сразу в рай
507,А я не думаю что тоже
508,Хочешь сладких апел ьсинов
509,Хочешь вслух рассказ длинный
510,Хочешь я взор ву все звезды
511,Что мешают спать
512,Пожа луйста только живи
513,Ты же видишья живуто бою
514,Моей огромной любви
515,Хватит нам двоим с головою
516,Хочешь море с парусами
517,Хочешь музык новых самых
518,Хочешь я убью соседей
519,Хочешь солнце вместо лампы
520,Хочешь за окошко мАльпы
521,Хочешь я отдам все песни
522,Протебя отдам все песни
523,"Я искала тебя годами долгими,"
524,Искала тебя дворами темными.
525,"В журналах, в кино, среди друзей."
526,"В день, когда нашла, сума сошла."
527,"Ты, совсем как во сне,"
528,"Совсем как в альбомах,"
529,Где я рисовала тебя гуашью.
530,"Дальше были звонки, ночные больше."
531,"Слезы, нервы, любовь и стрелки в Польше."
532,"Дети, но не мои, старые зазнобы,"
533,"Куришь каждые пять, мы устали оба."
534,. . . годами долгими.
535,. . . ночами темными.
536,"Искала тебя дворами темными,"
537,"В журналах, в кино, годами долгими,"
538,"Искала тебя ночами, чами, чами, чами. . ."
539,Большие города
540,Пустые поезда
541,Ниберега нидна
542,Все начинать сначала
543,Холодная война
544,И время как вода
545,Он не сошел с ума
546,Ты ничего не знала
547,Полк овнику никто не пишет
548,Полк овника никто не ждет
549,На линии огня
550,Пустые города
551,В которых никогда
552,Ты раньше не бывала
553,И рвутся поезда
554,На тонкие слова
555,Я сижу и смотрю в чужое небо из чужого окна
556,И невижу ни одной знакомой звезды.
557,"Я ходил по всем дорогами туда, и сюда,"
558,Обернулся- и не смог разгля деть следы.
559,"Но если есть в кармане пачка сигарет,"
560,Значит все не такуж плохо на сегод няшний день.
561,"И билет на самолет с сереб ристым крылом,"
562,"Что, взлетая, оставляет земле лишь тень."
563,"И никто не хотел быть виноватым без вина,"
564,"И никто не хотел руками жар загребать,"
565,"Абез музыки на миру смерть некрасна,"
566,А без музыки не хочется пропадать.
567,"Призрачно все в этом мире бушующем,"
568,Есть только миг- за него и держись.
569,"Есть только миг между прошлым и будущим, -"
570,Именно он называ ется жизнь.
571,"Вечный покой сердце вряд ли обрадует,"
572,Вечный покой- для седых пирамид.
573,"А для звезды, что сорвалась и падает"
574,"Есть только миг, ослепи тельный миг."
575,"Пусть этот мир вдаль летит сквозь столетия,"
576,"Но не всегда по дороге мне сним,"
577,"Чем дорожу, чем рискую на светея?"
578,"Мигом одним, только мигом одним."
579,Счастье дано повстр ечать ильбед уеще
580,Есть только миг- за него и держись!
581,Волки уходят в небеса.
582,Горят холодные глаза.
583,Приказа верить в чудеса
584,Не поступало.
585,"И каждый день другая цель,"
586,"То стены гор, того рыстен"
587,И ждёт отчаянных гостей
588,Чужая стая.
589,"Спиной,"
590,К ветру и всё же
591,Вырваться может
592,Чья- то душа.
593,"Спасёт,"
594,Но не поможет
595,"Чувствую кожей,"
596,Пропащая.
597,"Не помнят слов, не видят снов"
598,Переросли своих отцов.
599,"И, кажется, рука бойцов"
600,Колоть устала.
601,Позори слава в их крови
602,Хватает смерти и любви
603,Но сколько волкане корми
604,Ему всемало.
605,"Волки уходят,"
606,Волки уходят. . .
607,"Всё из чего мои сомнения сотканы, тонко."
608,"Какой чудесный день, моя струится лень"
609,На грани просве тления
610,Сияет шамбала и нежится душа
611,В нирване воскр есения.
612,"О, как легкомо и воспом инания выцвели"
613,Кто я такой и почему сбиваются мысли.
614,"Верхом на звезде,"
615,"Вцеп ившись влучи,"
616,С луной на поводке
617,В ночи
618,Верхом на звезде
619,"Несусь навстречу ветрам,"
620,К нес бывшейся мечте
621,И с нам
622,"О, жизнь, ты прекрасна,"
623,"О, жизнь, ты прекрасна вполне."
624,Бываешь немного опасна. О- е.
625,"Возьми мое сердце,"
626,"Храни, вспоминай обо мне,"
627,"Поверь мне, что все ненап расно."
628,"Над лесом, рекой,"
629,Потерян навсегда
630,Покой.
631,Верхом на звезде.
632,Mito rnodia boloesta.
633,Билет в один конец—
634,Весна
635,И создал этот мир
636,Я сам
637,Верь мне…
638,Я маленькая лошадка
639,И мне живётся несладко
640,Мнетрудно нести мою ношу
641,"Настанет день, и я её брошу"
642,Нос тою очень много денег
643,И явезу свою большую повозку
644,С тогона этот берег
645,"Мне хочется плакать, мне хочется смеяться"
646,"Мне хочется прыгать, валяться и брыкаться"
647,"Чтобы были друзья или, хотя бы один"
648,"Но я работаю, как вол, в моей тележке кокаин"
649,"Я умру очень рано, и я знаю об этом"
650,"Может быть невесной, может быть ранним летом"
651,"Я люблю слушать песни, и ко страню хатьдым"
652,"Но нельзям не отвле каться, явезу кокаин"
653,"Я устала ужасно, я хочу отдохнуть"
654,Съесть мешков десять сена и надолго уснуть
655,Я хочу к перел ётным птицам вкли ниться в клин
656,"Но работа важней, за спиной кокаин"
657,"Мне противно и трудно, но нельзя отступить"
658,"Хоть ихочется есть, хоть и хочется пить"
659,Мы когда- нибудь за это вадском пламени с горим
660,"Но всё это потом, а в данный момент кокаин"
661,"Мнеобидно, и капают слёзы"
662,Когда мне под ногики дают розы
663,Когда люди на улицах и вокнах квартир
664,Меня встречают и устраи вают пирна весь мир
665,Мнерады даже малые дети
666,Мне машут даже деревьев ветви
667,"Меня привет ствуют все, все, как один"
668,Я привезла им новый мир
669,Я привезла кокаин
670,Впилась за нозой в сердце моестрела Купидона
671,Хочется вытащить и никогда не думать об этом
672,Боль нестер пима и мне до сих пор была незнакома
673,Солнце безжа лостно выжглогла за своим ярким светом
674,"Одна она повсюду, где бы не скрылся я"
675,Во всех глазах и лицах только одна она
676,"Больше нет места, где бы я мог зализы вать раны"
677,Крылья разбиты и тело мое во власти гангрены
678,"Сил больше нет, нет сна, лишь страх постоя нный"
679,Лишь голоствой в моей голове и белые стены
680,Лишь одна она
681,Впилось за нозой в сердце моестрела Купидона
682,Злобный уродец никак не оставит в покое
683,"Пусть будет больно, силы найду и выдерну с корнем"
684,"Новая жизнь. Нужно понять, что это такое"
685,Лишь она
686,Жизнь иногда выпускает жало
687,"Стирая прошлое, словн овирус"
688,И к хоккеи стужена сбежала
689,И на работе полнеший минус
690,Но наш герой– не сдаётся
691,"Слезы утри,"
692,По жизни и дёти смеётся
693,"Вот он, смотри"
694,Он самый счас тливый из нас
695,Избранный небесами
696,Он Вам– нестарый баркас
697,Афрегат с парусами
698,В чём же причина тогда?
699,Три обычные строчки
700,Ждут его дома всегда
701,Его папины дочки
702,Он помогает добрым советом
703,И мудрым словом он лечит души
704,"На все вопросы, он знает ответы"
705,"Всегда подскажет, как сделать лучше"
706,А что его ждёт впереди?
707,Там всё не так гладко
708,Но всё же он победит
709,Парень– загадка
710,Поминутам осыпается
711,Ожидание невозм ожного
712,Ранним утром просы пается
713,От движения неосто рожного.
714,Как молчание ледяной зимы
715,"На с заку талоне извест ностью,"
716,"Здесь так долго друг друга искалимы,"
717,"И, конечно, пропали без вести"
718,Простится
719,"Нет усил, закрываю,"
720,"Я глаза закрываю,"
721,Сквозь туман уплываю
722,По аллеям столицы
723,За потерей потеря
724,И года полетели
725,За дождями метели
726,Пере летные птицы
727,Только ночью не могу уснуть
728,Странный холод в сердце прячется
729,Что случилось? – скажи темнекто- нибудь
730,Только осень во кномне распл ачется
731,В подок онник мой бьются горошины
732,"Тишину, разбивая весельем,"
733,Умирали давно понемн ожкумы
734,"И, наверное, было спасение"
735,Время смотрит с покойно с през рением
736,Вы меня уже верно невсп омните
737,Опоз давшее ходит прозрение
738,По моей гладко выбритой комнате
739,Недос казано и недосл ушенно
740,Сердце бьется другими вершинами
741,"Значит все безна дежно разрушено,"
742,"Ну зачем же, зачем поспешили мы"
743,"Помню, помнюя как мы встре тились с тобою"
744,"Был конец дня, ты спросила у меня сигар еточку"
745,"Я подумал, что зафигня"
746,"Сигаретка осталась всего одна, нула днона. . ."
747,Мы прожили пятн адцать лет
748,Но вот теперь ты ушла тебя нет.
749,Но ты ушла в своем оранжевом плаще
750,"Нуты даешь вообще, нуты даешь вообще блин!"
751,Но ты ушла и не сказала: я скоро вернусь
752,"Чёжеты делаешь Люсь, как- жеябуду один"
753,"Помню, помнюя как по улице весенний,"
754,"Я с тобой гулял, мы купили банку пива и двух лещей"
755,"Ты была молода- красива,"
756,И похожа на апельсина в своем новом плаще
757,"И я любил тебя как свою, вот и теперь о тебе япою!"
758,"Помню, помню, как ядарил тебе, что попросишь"
759,"Но какой же дуракя был, если- бзнал, чтоты меня бросишь"
760,"Сэкон омилбы, и я любил тебя обожал"
761,"Нуатым не вспинук инжал, охнесл адкомне"
762,"Я пригрел на груди змею, вот и теперь о тебе япою!"
763,"Я смотрю на тебя,"
764,"В телеви зореты, ая на диване."
765,"В городе N дожди,"
766,Замыкание + бах! и встали трамваи
767,Травма черепно- мозговая моя любовь!
768,"По- по- по наконаплю, и к тебе доплыву, долечу, доеду"
769,"Рядом с тобой поселюсь, ты будешь радата кому соседу!"
770,"Мы из России народ простой, я те сразу скажу Здорово!"
771,"Аты улыбн ёшься искажешь мнеЯ так ждала тебя, Вова!"
772,"Я так жда ла тебя, Вова!"
773,"В телеви зореты, ая на диване"
774,"В городе Nзима,"
775,Скоро выходы все и входы завалит
776,"Нуя придубез крика, без шума,"
777,"Нунайду какой- нибудь повод,"
778,"СкажуНу здра вствуй, Ума,"
779,"Она скажет Ну здра вствуй, Вова."
780,Нунадо как- то отношения завязы вать
781,Я скажуНу как тытут вообще жива здорова- то?
782,"Она скажет: ' А, вообще, Володька, хреново! '"
783,И начнёт расска зывать.
784,"Вот, - скажет, - вчера, к примеру, приходил Тарнтино"
785,"Нажрался, говорит, и стал прис тавать комне, здоро венная детина."
786,Я тогда ему так строго сказал аКвентин!
787,"Может, тыконечно, говорит, и не заметил,"
788,"Но вообще- тояжду Володьку из России,"
789,"А тебя, говорит, вообще заходить не просили"
790,"Вот такая батва, прикинь?"
791,Бывает недосмеха
792,"В общем, было трудно без тебя, Вован."
793,"Хорошо, что приехал"
794,"Жил- был на свете Антон Городе цкий,"
795,"Бросила жена, он грустил непо- детски."
796,Пришёл к колдунье: ' Ану- кана колдуй мне! '
797,"' Легко, мой хороший, только хлопну в ладоши,"
798,"И жена вернётся, от того отвер нётся,"
799,И маленькая жизнь внутри неё оборвётся. '
800,Но вдруг налетели на ведь мутени
801,"Прив идений, говорят: ' Не бывать престу пленью'"
802,"Ну что жеты, что ты потупила взор?"
803,"Сдавайся, ведьма– «Ночной Дозор»."
804,"И треснул мир на пополам, дымит разлом,"
805,"Ильётся кровь, идёт война добра со злом."
806,"И меркнет свет, в углах паук плетёт узор,"
807,По тёмным улицам летит «ночной дозор».
808,"И понял Антоха, что поступил плохо,"
809,"Ито, что развела его колдунья, как лоха."
810,"Носила «иного» в антоновом взоре,"
811,"А значит, он будет работать в «дозоре»."
812,"Годы прошли, Горо децкий нетужит,"
813,"Водочку глушит, с вампирами дружит."
814,Начальник хороший– мудрейший Гесер
815,Был зам. министром inUSSR.
816,"Новот вызывают, нужно ехать скорее,"
817,Вампир- пари кмахер с подружкой своею
818,"Влоговок себе заманили подростка,"
819,Решили поужинать подлои просто.
820,"Антоха успел, завя залась драка,"
821,"С огромным трудом, но всё жубил в урдалака,"
822,"Ножницами был тяжело ранен в бою,"
823,"При смерти был, можно сказать на краю."
824,"Но добрый Гесер его вылечил быстро,"
825,"Еще бы, а бы кого не берут взамми нистры."
826,"А дальше- беда за бедой, как понотам:"
827,"Ворона залетела в турбину самолёта,"
828,"На тепло центра личего- то взорва лось,"
829,"А Света виновна во всём оказалась,"
830,"Но, встретив красавца Антона, влюбилась,"
831,И разру шение остано вилось.
832,Но злой Завулон из «дозора дневного»
833,Сделал из сына Антона «иного».
834,И как с этим справится нашгерой?
835,Все на просмотр картины второй!
836,"В газетах писали, что ты уезжаешь,"
837,"Что рейс не отменят, что рейс не отложат."
838,"Какие- толюди тебя окружают,"
839,"А ближе, чем были- уже невоз можно."
840,"В красивых журналах считают пунктиры,"
841,Ая- до квартиры вечернее сальто.
842,"И кривятся губы, и кофе противен,"
843,"И новое утро, и новое' нет тебя. . . '"
844,Я по асфальту шагаю
845,"С тем, кого сберечь не смогу."
846,"До остановки трамвая,"
847,Звенящего на бегу.
848,"В газетах писали, чтоты- идиотка,"
849,Во всём виновата проклятая водка.
850,"Ругаешься матом, и песен не пишешь,"
851,"Тебя окружают нелюди, амыши."
852,Такое не выдумать даже нарошно.
853,"Ая каждый вечер ползу докв артиры,"
854,"И ближе, чем были- уже невоз можно."
855,"Изму ченный дорогой, я выбился из сил."
856,И в доме лесникая ночлега попросил.
857,С улыбкой добро душной старик меня впустил.
858,И жестом друже любным наужин пригласил.
859,"Будь как дома, путник, я ни в чём не откажу,"
860,"Я ни в чем не откажу, я ни в чём не откажу!"
861,"Множество историй, коль желаешь, расскажу,"
862,"Коль желаешь, расскажу,"
863,"Коль желаешь, расскажу!"
864,"На улице темнело, сиделя за столом."
865,"Лесник сидел напротив, болтало том, осём."
866,"Что нет среди животных у старика врагов,"
867,Что нравится ему подкарм ливать волков.
868,И волки среди ночи завыли под окном.
869,Старик заулы бался и вдруг покинул дом.
870,Но вскоре возвр атился с ружьём наперевес:
871,"' Друзья хотят покушать, пойдём, приятель, в лес! '"
872,Яшёл к себе домой
873,Я шёл помокрым лужам
874,Поско льзкой мостовой
875,Ногами снегутю жил
876,А мокрый снег падал
877,Ая шёл домой
878,По зимнем усаду
879,Попустой мостовой
880,Он шёл сомной рядом
881,Шпионил за мной
882,Следил за мной взглядом
883,Бесшумный конвой
884,И вотястою
885,На краю снего пада
886,Снеба падает снег
887,Значит небутак надо
888,В это трудно поверить
889,Я вернулся домой
890,Ты открылам недвери
891,Снег вошёл вслед за мной
892,И вдруг снег растаял
893,Увидел тебя
894,На пороге остались
895,Только капли дождя
896,Нас уносит река
897,Плавных вёсел волнами
898,Словно кто- то открыл
899,Все небесные краны
900,Мы стоим на краю
901,На краю водопада
902,С небал ьётся вода
903,За морями есть лимоновый сад
904,Янайду лимон и будурад
905,Но тебенедам не смей меня винить
906,По смотрите до чего он хорош
907,Но на дороге ты его не найдешь
908,Попробуй сделай сам не будуя тебя учить
909,Растут лимоны на высоких горах
910,На крутых берегах для крутых
911,Коро четыне достанешь
912,Явижу целья залимоном дотян уться хочу
913,Я залимоном лечуи крутизной насла ждаюсь
914,Страна Лимония страна без забот
915,В страну Лимонию ведет подземный ход
916,Найти по пробуй сам не будуя тебя учить
917,Труд на дорога и повсюду обман
918,Ночтоб не сбиться у меня есть план
919,Но я тебе недам не смей меня винить
920,Страну Лимонию ищус давних пор
921,Мне надоел вечноз еленый помидор
922,Его ты кушайсам не смей его со мной делить
923,Не смей его со мной делить
924,"Выйду на улицу- солнца нема,"
925,Парни молодые свели меня сума.
926,"Выйду на улицу, гляну насело, -"
927,"Девки гуляют, им не весело."
928,"Матушка родная, водицы мнедай,"
929,Сердце мое такики дает в жар.
930,"Раньше ягуляла в зеленом саду,"
931,Думала на улицу век не пойду.
932,А теперь под вечера жпятки горят-
933,Но женьки резвыев пляску хотят.
934,"Я пойду на улицу, к девкам пойду,"
935,Голосом звонким яим подпою.
936,"Матушка, слышишь, соловушек поет,"
937,"Атам, подгорою, пляска идет-"
938,"Девки голо систые звонко поют,"
939,Мнеда молод енькой спать не дают.
940,"Теплое место, но улицы ждут"
941,Отпе чатков наших ног.
942,Звездная пыль- на сапогах.
943,"Мягкое кресло, клетчатый плед,"
944,Ненажатый во время курок.
945,Солнечный день- вослеп ительных снах.
946,"Группа крови- на рукаве,"
947,"Мой поряд ковый номер- на рукаве,"
948,"Пожелай мнеудачи в бою, пожелай мне:"
949,"Не остаться в этой траве,"
950,Не остаться в этой траве.
951,"Пожелай мнеудачи, пожелай мнеудачи!"
952,"И есть чем платить, но я нехочу"
953,Победы любой ценой.
954,Я никому не хочу ставить ногу на грудь.
955,"Я хотел бы остаться с тобой,"
956,"Просто остаться с тобой,"
957,Но высокая в небе звезда зовет меня в путь.
958,"Ночь коротка, цель далека,"
959,"Ночью так часто хочется пить,"
960,"Тывы ходишь на кухню,"
961,"Новода здесь горька,"
962,"Ты не можешь здесь спать,"
963,Ты не хочешь здесь жить.
964,"Доброе утро, последний герой!"
965,"Доброе утро тебе и таким, как ты,"
966,"Доброе утро, последний герой."
967,"Здра вствуй, последний герой!"
968,"Ты хотел быть один, это быстро прошло,"
969,"Ты хотел быть один, но не смог быть один,"
970,"Твояно ша легка, но немеет рука,"
971,Иты встре чаешь рассвет за игрой в дурака.
972,"Утром тыстре мишься скорее уйти,"
973,"Теле фонный звонок, как команда' Вперед! '"
974,"Ты уходишь туда, куда не хочешь идти,"
975,"Ты уходишь туда, но тебя там никто не ждет!"
976,Яиду по улице в зеленом пиджаке.
977,Мне нравятся моиб отинки.
978,А еще красивый галстуку меня.
979,"Я гладил брюки два часа,"
980,В парикма херской сидел с утра.
981,"И вотидуя по улице, один я."
982,По улице идуя.
983,По улице один.
984,У моего приятеля есть новые пластинки.
985,И я зайду в кафе и выпью чашку кофе.
986,А потом пойду к нему.
987,И в зеркалах витриня так похож на БодиХоли.
988,Папа скородаст свою машину пока таться мне.
989,Идуя.
990,По улице одиня.
991,Идуя по улице один.
992,Весна- пост оянный насморк.
993,Весна- солнце свети топять.
994,И я промочил ноги.
995,Весна- ия опять и дугулять.
996,Весна- я не могу усидеть дома.
997,Весна- я люблю весну.
998,О чем поют в моем дворе кошки?
999,"Нет- нет- нет- нет,"
1000,Я неусну.
1001,Весна- я уже не греюпио.
1002,Весна- скоро вырастет трава.
1003,"Весна- выпосм отрите, как красиво."
1004,Весна- где моя голова?
